This file has metrics used in the BCG model for the selected assemblage; the calculations are done with the BioMonTools R package (https://github.com/leppott/BioMonTools),
,
SAMPLEID,unique sample identifier
INDEX_NAME,"Calculation type (MN_IBI_Bugs or MN_IBI_Fish or MN_BCG)	"
INDEX_CLASS,BCG or IBI class
,
Metrics used in the MN bug BCG,
nt_BCG_att12,number taxa - BCG Attribute I + II
nt_EPT_BCG_att123,number taxa - EPT BCG Attribute I + II + III
nt_total,number taxa - total
pi_BCG_att12,percent (0-100) individuals - BCG Attribute I + II
pi_BCG_att123,percent (0-100) individuals - BCG Attribute I + II + III
pi_BCG_att5,percent (0-100) individuals - BCG Attribute V
pi_dom01_BCG_att4,percent (0-100) individuals - most dominant BCG Attribute IV taxon
pi_dom01_BCG_att5,percent (0-100) individuals - most dominant BCG Attribute V taxon
pt_BCG_att12,percent (0-100) taxa - BCG Attribute I + II
pt_BCG_att123,percent (0-100) taxa - BCG Attribute I + II + III
pt_BCG_att1234,percent (0-100) taxa - BCG Attribute I + II + III + IV
pt_BCG_att5,percent (0-100) taxa - BCG Attribute V
pt_EPT_BCG_att123,percent (0-100) taxa - EPT BCG Attribute I + II + III
,
Metrics used in the MN fish BCG,
nt_BCG_att1,number taxa - BCG Attribute I
nt_BCG_att12,number taxa - BCG Attribute I + II
nt_BCG_att123,number taxa - BCG Attribute I + II + III
nt_total,number taxa - total
pi_BCG_att123,percent (0-100) individuals - BCG Attribute I + II + III
pi_BCG_att1234,percent (0-100) individuals - BCG Attribute I + II + III + IV
pi_BCG_att1236,percent (0-100) individuals - BCG Attribute I + II + III + VI (= Sensitive + Salmonidae % individuals metric in BCG Rules table - Gerritsen et al. 2012)
pi_BCG_att1236sp,percent (0-100) with numerator = BCG Attributes 1 + 2 + 3 + 6 individuals and denominator = BCG Attributes 1 + 2 + 3 + 6 + 5 + 5A + 6A individuals (note: documentation of this metric in the Gerritsen et al. 2012 BCG Rules table is incorrect)
pi_BCG_att55a6a,percent (0-100) individuals - BCG Attribute V + Va + VIa
pi_BCG_att5a6a,percent (0-100) individuals - BCG Attribute Va + VIa
pi_BCG_att6,percent (0-100) individuals - BCG Attribute VI (= Other Salmonidae (nonnative) metric in BCG Rules table - Gerritsen et al. 2012)
pi_brooktrout,percent (0-100) individuals - Brook Trout
pi_brooktrout_BCG_att6,percent (0-100) individuals - Brook Trout + BCG Attribute VI (=BT + Att 6 % ind (all trout) metric in BCG Rules table - Gerritsen et al. 2012)
pi_brooktrout2brooktrout_BCG_att6,"100*[number of Brook Trout individuals/Brook Trout + BCG Attribute VI individuals]. Note: for MN Shiny app, Brook Trout + BCG Attribute VI individuals = total Salmonidae individuals (all Salmonidae except for Brook Trout are non-native, and other non-native fish are BCG Attr VIa; note: in certain parts of MN, Brook Trout are also non-native)"
pi_dom01_BCG_att45,percent (0-100) individuals - most dominant BCG Attribute IV or V taxon
pi_dom01_BCG_att5a,percent (0-100) individuals - most dominant BCG Attribute Va taxon
pi_dom01_BCG_att5a6a,percent (0-100) individuals - most dominant BCG Attribute Va or VIa taxon
pt_BCG_att123,percent (0-100) taxa - BCG Attribute I + II + III
pt_BCG_att1234,percent (0-100) taxa - BCG Attribute I + II + III + IV
pt_BCG_att1236,percent (0-100) taxa - BCG Attribute I + II + III + VI (= Sensitive + Salmonidae % taxa metric in BCG Rules table - Gerritsen et al. 2012)
pt_BCG_att1236sp,percent (0-100) with numerator = BCG Attributes 1 + 2 + 3 + 6 taxa and denominator = BCG Attributes 1 + 2 + 3 + 6 + 5 + 5A + 6A taxa (note: documentation of this metric in the Gerritsen et al. 2012 BCG Rules table is incorrect)
pt_BCG_att55a6a,percent (0-100) taxa - BCG Attribute V + Va + VIa
