This file has a summary of how many samples had flagged metrics (count of # flagged (flag) and not flagged (NA)).,
,
"Not all BCG models utilize flag metrics, in which case this output is a placeholder (see below)",
,x
1,No flags for the Index Name/Class combinations present in data
,
Metadata for outputs in which there are flag metrics,
(blank),flag metric/description (=Check Name column in the 'MetricFlags' Excel file in the extdata folder ...\R\R-4.2.1\library\BCGcalc\extdata).
flag,number of flagged samples. see the _BCG_6metflags output for metric thresholds
NA,number of samples that aren't flagged
