Final File Builder output. The taxa names have been translated to the proper OTU and attributes and hierarchy have been added in. Import this file into the Shiny app and run the desired calculation. ,
,
SampleID,unique sample identifier
TaxaID,translated taxon name (changed to the appropriate Operational Taxonomic Unit (OTU) for the selected calculation)
N_Taxa,number of individuals
file_taxatrans,file name of the Taxa Translator table. Versions are denoted with dates at the end of the file name (e.g. GreatPlains_Fish_TaxaTranslator_20240712)
file_attributes,file name of the Taxa Attribute table. Versions are denoted with dates at the end of the file name (e.g. GreatPlains_Fish_Attributes_20240705.csv)
Match_Official,TRUE/FALSE. TRUE = taxa name occurs in the Taxa Translator table
Index_Class,tells R which set of metrics and rules to apply to a given sample (for example if the Index Class = Small_47c for a fish sample the small stream (<100 km2) Iowan Surface rules are applied to that sample)
Index_Name,"tells R which Calculation to perform (GP_Fish_BCG, IA_Bugs_BCG, KS_Bugs_BCG, MO_Bugs_BCG, NE_Bugs_BCG)"
NonTarget,"Non-target taxa should be marked TRUE. The R code excludes non-target taxa from all metric calculations	"
"		",
"the rest of the columns vary depending on the index. Columns include the Attributes (e.g., BCG_Attr, FFG, Habit) and taxonomic hierarchy (e.g., Order, Family) used for metric calculations.		",
