"This file shows which calculation was selected, which Operational Taxonomic Unit (OTU) column was used, and which versions of the Taxa Translator and Attribute tables were used",
,
Calculation,selected calculation (e.g. GP_Fish_BCG)
OperationalTaxonomicUnit,column in the Taxa Translator table that is used for the translation of the original taxaID to the Operational Taxonomic Unit (OTU) for the calculation (for example worms may be collapsed to Oligochaeta).
TranslationTable,file name of the Taxa Translator table. Versions are denoted with dates at the end of the file name (e.g. GreatPlains_Fish_TaxaTranslator_20240712)
AttributeTable,file name of the Taxa Attribute table. Versions are denoted with dates at the end of the file name (e.g. GreatPlains_Fish_Attributes_20240705.csv)
