Version,6/10/2024
Primary contact Great Plains BCG,Jen Stamp <Jen.Stamp@tetratech.com>
Primary contact Iowa,Ken Krier <ken.krier@dnr.iowa.gov>
,
TaxaID,taxon name (post-translation)
Rank,level of taxonomic resolution
NonTarget,FALSE = target (ok to include in calculations). TRUE = nontarget (not appropriate to include in the Great Plains BCG calculation)
BCG_Attr,"Great Plains Biological Condition Gradient (BCG) taxa attribute assignments (2, 3, 4, 5, 6m). 2 = highly sensitive; 3 = sensitive ubiquitous; 4 = moderately tolerant; 5 = highly tolerant; 6m = nonnative, moderately tolerant"
BCG_Attr2,"Great Plains BCG attribute IV sub-level: 4_better, 4_middle, 4_worse"
FFG,"Great Plains BCG Functional Feeding Group: collector-gatherer (CG), collector-filterer (CF), predator (PR), scraper (SC), shredder (SH), macrophyte herbivore (MH), omnivore (OM), parasite (PA), piercer-herbivore (PH), xylophage (XY). Multiple entries are allowed and are separated with a comma"
HABIT,"Great Plains BCG Habit: burrowers (BU), climbers (CB), clingers (CN), sprawlers (SP), swimmers (SW). Multiple entries are allowed and are separated with a comma"
HABSTRUCT,"Great Plains BCG. Habitat structure (abbreviated). Taxa that show a strong association with a particular habitat structure: CS = coarse substrate, RM = root mat, NF = pool, SG = snag. Based on an analysis of Missouri data. For more information, contact Randy Sarver (randy.sarver@dnr.mo.gov)"
HABSTRUCT_Full,"Great Plains BCG. Habitat structure (written out). Taxa that show a strong association with a particular habitat structure (coarse substrate, root mat, pool, snag). Based on an analysis of Missouri data. For more information, contact Randy Sarver (randy.sarver@dnr.mo.gov)"
LIFE_CYCLE,"Great Plains BCG Life Cycle: number of broods or generations of an organism in a year (also referred to as 'voltinism'): univoltine (UNI), semivoltine (SEMI), or multivoltine (MULTI). Multiple entries are allowed and are separated with a comma"
AirBreather,"Great Plains BCG: TRUE = air breather, which include: Hemiptera (all families); Coleoptera - all adults other than Elmidae ande Dryopidae, and larvae of Dystiscidae, Hydrophilidae, Hydraenidae, Heteroceridae; Gyrinidae; Haliplidae; Scirtidae; Diptera (Culicidae larvae, Ptychopteridae larvae, Chaoboridae larvae (except Chaoborus sp.), Stratiomyidae, Dolichopodidae and Syrphidae"
TOLVAL_IA,"Iowa DNR. Tolerance to general disturbance, scaled from 0 (most intolerant) to 10 (most tolerant)"
FFG_IA,Iowa DNR. Functional Feeding Group (abbreviated)
FFGDef_IA,Iowa DNR. Functional Feeding Group (written out)
HABIT_IA,Iowa DNR. Habit (abbreviated)
HabitDef_IA,Iowa DNR. Habit (written out)
COLD_IA,Iowa DNR. Cold water indicator = -1 
ColdWaterIndicatorTaxa,Iowa DNR. TRUE = cold water indicator
PHYLUM,Great Plains BCG taxonomic hierarchy
CLASS,Great Plains BCG taxonomic hierarchy
SUBCLASS,Great Plains BCG taxonomic hierarchy
ORDER,Great Plains BCG taxonomic hierarchy
FAMILY,Great Plains BCG taxonomic hierarchy
SUBFAMILY,Great Plains BCG taxonomic hierarchy
GENUS,Great Plains BCG taxonomic hierarchy
SPECIES,Great Plains BCG taxonomic hierarchy
CommonName,Iowa DNR common name
IA_BugTaxaID,Iowa DNR unique taxonomic identification number
